"record_id","scope","facility_id","facility_name","period_start","period_end","source_type","energy_type","fuel_type","quantity","unit","supplier_name","invoice_number","asset_id","meter_number","grid_region","country","state","contract_type","notes"
"S1-0001","scope1","FAC-001","Delhi Plant","2026-01-03","2026-01-03","generator","","diesel","420","liter","Indian Oil","INV-10001","GEN-01","","","India","Delhi","","Monthly generator refill"
"S1-0002","scope1","FAC-002","Mumbai Office","2026-01-04","2026-01-04","boiler","","lpg","180","kg","Bharat Petroleum","INV-10002","BLR-01","","","India","Maharashtra","","Boiler fuel purchase"
"S1-0003","scope1","FAC-003","Bengaluru Hub","2026-01-05","2026-01-05","vehicle","","petrol","95","liter","Hindustan Petroleum","INV-10003","VEH-01","","","India","Karnataka","","Company sedan refuel"
"S1-0004","scope1","FAC-004","Chennai Warehouse","2026-01-06","2026-01-06","generator","","diesel","510","liter","Indian Oil","INV-10004","GEN-02","","","India","Tamil Nadu","","Backup power usage"
"S1-0005","scope1","FAC-005","Kolkata Branch","2026-01-07","2026-01-07","boiler","","natural_gas","320","Nm3","GAIL","INV-10005","BLR-02","","","India","West Bengal","","Heating system consumption"
"S1-0006","scope1","FAC-006","Hyderabad Plant","2026-01-08","2026-01-08","vehicle","","diesel","140","liter","Bharat Petroleum","INV-10006","VEH-02","","","India","Telangana","","Delivery van refuel"
"S1-0007","scope1","FAC-007","Pune Office","2026-01-09","2026-01-09","generator","","diesel","390","liter","Indian Oil","INV-10007","GEN-03","","","India","Maharashtra","","Monthly generator refill"
"S1-0008","scope1","FAC-008","Ahmedabad Depot","2026-01-10","2026-01-10","boiler","","lpg","210","kg","Hindustan Petroleum","INV-10008","BLR-03","","","India","Gujarat","","Boiler fuel purchase"
"S1-0009","scope1","FAC-009","Jaipur Center","2026-01-11","2026-01-11","vehicle","","petrol","88","liter","Indian Oil","INV-10009","VEH-03","","","India","Rajasthan","","Field vehicle refuel"
"S1-0010","scope1","FAC-010","Lucknow Facility","2026-01-12","2026-01-12","generator","","diesel","460","liter","Bharat Petroleum","INV-10010","GEN-04","","","India","Uttar Pradesh","","Backup power usage"
"S1-0011","scope1","FAC-001","Delhi Plant","2026-01-13","2026-01-13","boiler","","natural_gas","345","Nm3","GAIL","INV-10011","BLR-04","","","India","Delhi","","Steam generation"
"S1-0012","scope1","FAC-002","Mumbai Office","2026-01-14","2026-01-14","vehicle","","petrol","76","liter","Hindustan Petroleum","INV-10012","VEH-04","","","India","Maharashtra","","Pool car refuel"
"S1-0013","scope1","FAC-003","Bengaluru Hub","2026-01-15","2026-01-15","generator","","diesel","405","liter","Indian Oil","INV-10013","GEN-05","","","India","Karnataka","","Monthly generator refill"
"S1-0014","scope1","FAC-004","Chennai Warehouse","2026-01-16","2026-01-16","boiler","","lpg","195","kg","Bharat Petroleum","INV-10014","BLR-05","","","India","Tamil Nadu","","Boiler fuel purchase"
"S1-0015","scope1","FAC-005","Kolkata Branch","2026-01-17","2026-01-17","vehicle","","diesel","125","liter","Indian Oil","INV-10015","VEH-05","","","India","West Bengal","","Service vehicle refuel"
"S1-0016","scope1","FAC-006","Hyderabad Plant","2026-01-18","2026-01-18","generator","","diesel","530","liter","Hindustan Petroleum","INV-10016","GEN-06","","","India","Telangana","","Backup power usage"
"S1-0017","scope1","FAC-007","Pune Office","2026-01-19","2026-01-19","boiler","","natural_gas","298","Nm3","GAIL","INV-10017","BLR-06","","","India","Maharashtra","","Heating system consumption"
"S1-0018","scope1","FAC-008","Ahmedabad Depot","2026-01-20","2026-01-20","vehicle","","petrol","91","liter","Bharat Petroleum","INV-10018","VEH-06","","","India","Gujarat","","Company hatchback refuel"
"S1-0019","scope1","FAC-009","Jaipur Center","2026-01-21","2026-01-21","generator","","diesel","470","liter","Indian Oil","INV-10019","GEN-07","","","India","Rajasthan","","Monthly generator refill"
"S1-0020","scope1","FAC-010","Lucknow Facility","2026-01-22","2026-01-22","boiler","","lpg","205","kg","Hindustan Petroleum","INV-10020","BLR-07","","","India","Uttar Pradesh","","Boiler fuel purchase"
"S1-0021","scope1","FAC-001","Delhi Plant","2026-02-01","2026-02-01","vehicle","","diesel","132","liter","Bharat Petroleum","INV-10021","VEH-07","","","India","Delhi","","Delivery truck refuel"
"S1-0022","scope1","FAC-002","Mumbai Office","2026-02-02","2026-02-02","generator","","diesel","415","liter","Indian Oil","INV-10022","GEN-08","","","India","Maharashtra","","Monthly generator refill"
"S1-0023","scope1","FAC-003","Bengaluru Hub","2026-02-03","2026-02-03","boiler","","lpg","188","kg","Hindustan Petroleum","INV-10023","BLR-08","","","India","Karnataka","","Boiler fuel purchase"
"S1-0024","scope1","FAC-004","Chennai Warehouse","2026-02-04","2026-02-04","vehicle","","petrol","83","liter","Indian Oil","INV-10024","VEH-08","","","India","Tamil Nadu","","Staff transport vehicle"
"S1-0025","scope1","FAC-005","Kolkata Branch","2026-02-05","2026-02-05","generator","","diesel","495","liter","Bharat Petroleum","INV-10025","GEN-09","","","India","West Bengal","","Backup power usage"
"S1-0026","scope1","FAC-006","Hyderabad Plant","2026-02-06","2026-02-06","boiler","","natural_gas","336","Nm3","GAIL","INV-10026","BLR-09","","","India","Telangana","","Steam generation"
"S1-0027","scope1","FAC-007","Pune Office","2026-02-07","2026-02-07","vehicle","","petrol","74","liter","Hindustan Petroleum","INV-10027","VEH-09","","","India","Maharashtra","","Pool car refuel"
"S1-0028","scope1","FAC-008","Ahmedabad Depot","2026-02-08","2026-02-08","generator","","diesel","445","liter","Indian Oil","INV-10028","GEN-10","","","India","Gujarat","","Monthly generator refill"
"S1-0029","scope1","FAC-009","Jaipur Center","2026-02-09","2026-02-09","boiler","","lpg","215","kg","Bharat Petroleum","INV-10029","BLR-10","","","India","Rajasthan","","Boiler fuel purchase"
"S1-0030","scope1","FAC-010","Lucknow Facility","2026-02-10","2026-02-10","vehicle","","diesel","118","liter","Indian Oil","INV-10030","VEH-10","","","India","Uttar Pradesh","","Service van refuel"
"S1-0031","scope1","FAC-001","Delhi Plant","2026-02-11","2026-02-11","generator","","diesel","438","liter","Hindustan Petroleum","INV-10031","GEN-11","","","India","Delhi","","Backup power usage"
"S1-0032","scope1","FAC-002","Mumbai Office","2026-02-12","2026-02-12","boiler","","natural_gas","310","Nm3","GAIL","INV-10032","BLR-11","","","India","Maharashtra","","Heating system consumption"
"S1-0033","scope1","FAC-003","Bengaluru Hub","2026-02-13","2026-02-13","vehicle","","petrol","96","liter","Bharat Petroleum","INV-10033","VEH-11","","","India","Karnataka","","Company sedan refuel"
"S1-0034","scope1","FAC-004","Chennai Warehouse","2026-02-14","2026-02-14","generator","","diesel","505","liter","Indian Oil","INV-10034","GEN-12","","","India","Tamil Nadu","","Monthly generator refill"
"S1-0035","scope1","FAC-005","Kolkata Branch","2026-02-15","2026-02-15","boiler","","lpg","192","kg","Hindustan Petroleum","INV-10035","BLR-12","","","India","West Bengal","","Boiler fuel purchase"
"S1-0036","scope1","FAC-006","Hyderabad Plant","2026-02-16","2026-02-16","vehicle","","diesel","146","liter","Bharat Petroleum","INV-10036","VEH-12","","","India","Telangana","","Delivery truck refuel"
"S1-0037","scope1","FAC-007","Pune Office","2026-02-17","2026-02-17","generator","","diesel","402","liter","Indian Oil","INV-10037","GEN-13","","","India","Maharashtra","","Backup power usage"
"S1-0038","scope1","FAC-008","Ahmedabad Depot","2026-02-18","2026-02-18","boiler","","natural_gas","287","Nm3","GAIL","INV-10038","BLR-13","","","India","Gujarat","","Steam generation"
"S1-0039","scope1","FAC-009","Jaipur Center","2026-02-19","2026-02-19","vehicle","","petrol","79","liter","Hindustan Petroleum","INV-10039","VEH-13","","","India","Rajasthan","","Field vehicle refuel"
"S1-0040","scope1","FAC-010","Lucknow Facility","2026-02-20","2026-02-20","generator","","diesel","472","liter","Indian Oil","INV-10040","GEN-14","","","India","Uttar Pradesh","","Monthly generator refill"
"S1-0041","scope1","FAC-001","Delhi Plant","2026-03-01","2026-03-01","boiler","","lpg","225","kg","Bharat Petroleum","INV-10041","BLR-14","","","India","Delhi","","Boiler fuel purchase"
"S1-0042","scope1","FAC-002","Mumbai Office","2026-03-02","2026-03-02","vehicle","","petrol","81","liter","Indian Oil","INV-10042","VEH-14","","","India","Maharashtra","","Pool car refuel"
"S1-0043","scope1","FAC-003","Bengaluru Hub","2026-03-03","2026-03-03","generator","","diesel","418","liter","Hindustan Petroleum","INV-10043","GEN-15","","","India","Karnataka","","Backup power usage"
"S1-0044","scope1","FAC-004","Chennai Warehouse","2026-03-04","2026-03-04","boiler","","natural_gas","340","Nm3","GAIL","INV-10044","BLR-15","","","India","Tamil Nadu","","Heating system consumption"
"S1-0045","scope1","FAC-005","Kolkata Branch","2026-03-05","2026-03-05","vehicle","","diesel","121","liter","Bharat Petroleum","INV-10045","VEH-15","","","India","West Bengal","","Service vehicle refuel"
"S1-0046","scope1","FAC-006","Hyderabad Plant","2026-03-06","2026-03-06","generator","","diesel","522","liter","Indian Oil","INV-10046","GEN-16","","","India","Telangana","","Monthly generator refill"
"S1-0047","scope1","FAC-007","Pune Office","2026-03-07","2026-03-07","boiler","","lpg","184","kg","Hindustan Petroleum","INV-10047","BLR-16","","","India","Maharashtra","","Boiler fuel purchase"
"S1-0048","scope1","FAC-008","Ahmedabad Depot","2026-03-08","2026-03-08","vehicle","","petrol","93","liter","Indian Oil","INV-10048","VEH-16","","","India","Gujarat","","Company hatchback refuel"
"S1-0049","scope1","FAC-009","Jaipur Center","2026-03-09","2026-03-09","generator","","diesel","463","liter","Bharat Petroleum","INV-10049","GEN-17","","","India","Rajasthan","","Backup power usage"
"S1-0050","scope1","FAC-010","Lucknow Facility","2026-03-10","2026-03-10","boiler","","natural_gas","301","Nm3","GAIL","INV-10050","BLR-17","","","India","Uttar Pradesh","","Steam generation"
"S1-0051","scope1","FAC-001","Delhi Plant","2026-03-11","2026-03-11","vehicle","","diesel","137","liter","Hindustan Petroleum","INV-10051","VEH-17","","","India","Delhi","","Delivery van refuel"
"S1-0052","scope1","FAC-002","Mumbai Office","2026-03-12","2026-03-12","generator","","diesel","408","liter","Indian Oil","INV-10052","GEN-18","","","India","Maharashtra","","Monthly generator refill"
"S1-0053","scope1","FAC-003","Bengaluru Hub","2026-03-13","2026-03-13","boiler","","lpg","199","kg","Bharat Petroleum","INV-10053","BLR-18","","","India","Karnataka","","Boiler fuel purchase"
"S1-0054","scope1","FAC-004","Chennai Warehouse","2026-03-14","2026-03-14","vehicle","","petrol","86","liter","Hindustan Petroleum","INV-10054","VEH-18","","","India","Tamil Nadu","","Staff transport vehicle"
"S1-0055","scope1","FAC-005","Kolkata Branch","2026-03-15","2026-03-15","generator","","diesel","489","liter","Indian Oil","INV-10055","GEN-19","","","India","West Bengal","","Backup power usage"
"S1-0056","scope1","FAC-006","Hyderabad Plant","2026-03-16","2026-03-16","boiler","","natural_gas","348","Nm3","GAIL","INV-10056","BLR-19","","","India","Telangana","","Steam generation"
"S1-0057","scope1","FAC-007","Pune Office","2026-03-17","2026-03-17","vehicle","","petrol","77","liter","Bharat Petroleum","INV-10057","VEH-19","","","India","Maharashtra","","Pool car refuel"
"S1-0058","scope1","FAC-008","Ahmedabad Depot","2026-03-18","2026-03-18","generator","","diesel","451","liter","Indian Oil","INV-10058","GEN-20","","","India","Gujarat","","Monthly generator refill"
"S1-0059","scope1","FAC-009","Jaipur Center","2026-03-19","2026-03-19","boiler","","lpg","208","kg","Hindustan Petroleum","INV-10059","BLR-20","","","India","Rajasthan","","Boiler fuel purchase"
"S1-0060","scope1","FAC-010","Lucknow Facility","2026-03-20","2026-03-20","vehicle","","diesel","124","liter","Indian Oil","INV-10060","VEH-20","","","India","Uttar Pradesh","","Service van refuel"
"S1-0061","scope1","FAC-001","Delhi Plant","2026-04-01","2026-04-01","generator","","diesel","432","liter","Bharat Petroleum","INV-10061","GEN-21","","","India","Delhi","","Monthly generator refill"
"S1-0062","scope1","FAC-002","Mumbai Office","2026-04-02","2026-04-02","boiler","","natural_gas","315","Nm3","GAIL","INV-10062","BLR-21","","","India","Maharashtra","","Heating system consumption"
"S1-0063","scope1","FAC-003","Bengaluru Hub","2026-04-03","2026-04-03","vehicle","","petrol","94","liter","Indian Oil","INV-10063","VEH-21","","","India","Karnataka","","Company sedan refuel"
"S1-0064","scope1","FAC-004","Chennai Warehouse","2026-04-04","2026-04-04","generator","","diesel","517","liter","Hindustan Petroleum","INV-10064","GEN-22","","","India","Tamil Nadu","","Backup power usage"
"S1-0065","scope1","FAC-005","Kolkata Branch","2026-04-05","2026-04-05","boiler","","lpg","191","kg","Bharat Petroleum","INV-10065","BLR-22","","","India","West Bengal","","Boiler fuel purchase"
"S1-0066","scope1","FAC-006","Hyderabad Plant","2026-04-06","2026-04-06","vehicle","","diesel","149","liter","Indian Oil","INV-10066","VEH-22","","","India","Telangana","","Delivery truck refuel"
"S1-0067","scope1","FAC-007","Pune Office","2026-04-07","2026-04-07","generator","","diesel","399","liter","Hindustan Petroleum","INV-10067","GEN-23","","","India","Maharashtra","","Monthly generator refill"
"S1-0068","scope1","FAC-008","Ahmedabad Depot","2026-04-08","2026-04-08","boiler","","natural_gas","292","Nm3","GAIL","INV-10068","BLR-23","","","India","Gujarat","","Steam generation"
"S1-0069","scope1","FAC-009","Jaipur Center","2026-04-09","2026-04-09","vehicle","","petrol","82","liter","Bharat Petroleum","INV-10069","VEH-23","","","India","Rajasthan","","Field vehicle refuel"
"S1-0070","scope1","FAC-010","Lucknow Facility","2026-04-10","2026-04-10","generator","","diesel","478","liter","Indian Oil","INV-10070","GEN-24","","","India","Uttar Pradesh","","Backup power usage"
"S1-0071","scope1","FAC-001","Delhi Plant","2026-04-11","2026-04-11","boiler","","lpg","218","kg","Hindustan Petroleum","INV-10071","BLR-24","","","India","Delhi","","Boiler fuel purchase"
"S1-0072","scope1","FAC-002","Mumbai Office","2026-04-12","2026-04-12","vehicle","","petrol","75","liter","Indian Oil","INV-10072","VEH-24","","","India","Maharashtra","","Pool car refuel"
"S1-0073","scope1","FAC-003","Bengaluru Hub","2026-04-13","2026-04-13","generator","","diesel","411","liter","Bharat Petroleum","INV-10073","GEN-25","","","India","Karnataka","","Monthly generator refill"
"S1-0074","scope1","FAC-004","Chennai Warehouse","2026-04-14","2026-04-14","boiler","","natural_gas","338","Nm3","GAIL","INV-10074","BLR-25","","","India","Tamil Nadu","","Heating system consumption"
"S1-0075","scope1","FAC-005","Kolkata Branch","2026-04-15","2026-04-15","vehicle","","diesel","127","liter","Hindustan Petroleum","INV-10075","VEH-25","","","India","West Bengal","","Service vehicle refuel"
"S1-0076","scope1","FAC-006","Hyderabad Plant","2026-04-16","2026-04-16","generator","","diesel","526","liter","Indian Oil","INV-10076","GEN-26","","","India","Telangana","","Backup power usage"
"S1-0077","scope1","FAC-007","Pune Office","2026-04-17","2026-04-17","boiler","","lpg","186","kg","Bharat Petroleum","INV-10077","BLR-26","","","India","Maharashtra","","Boiler fuel purchase"
"S1-0078","scope1","FAC-008","Ahmedabad Depot","2026-04-18","2026-04-18","vehicle","","petrol","90","liter","Indian Oil","INV-10078","VEH-26","","","India","Gujarat","","Company hatchback refuel"
"S1-0079","scope1","FAC-009","Jaipur Center","2026-04-19","2026-04-19","generator","","diesel","466","liter","Hindustan Petroleum","INV-10079","GEN-27","","","India","Rajasthan","","Monthly generator refill"
"S1-0080","scope1","FAC-010","Lucknow Facility","2026-04-20","2026-04-20","boiler","","natural_gas","306","Nm3","GAIL","INV-10080","BLR-27","","","India","Uttar Pradesh","","Steam generation"
"S1-0081","scope1","FAC-001","Delhi Plant","2026-05-01","2026-05-01","vehicle","","diesel","134","liter","Bharat Petroleum","INV-10081","VEH-27","","","India","Delhi","","Delivery van refuel"
"S1-0082","scope1","FAC-002","Mumbai Office","2026-05-02","2026-05-02","generator","","diesel","421","liter","Indian Oil","INV-10082","GEN-28","","","India","Maharashtra","","Monthly generator refill"
"S1-0083","scope1","FAC-003","Bengaluru Hub","2026-05-03","2026-05-03","boiler","","lpg","203","kg","Hindustan Petroleum","INV-10083","BLR-28","","","India","Karnataka","","Boiler fuel purchase"
"S1-0084","scope1","FAC-004","Chennai Warehouse","2026-05-04","2026-05-04","vehicle","","petrol","84","liter","Indian Oil","INV-10084","VEH-28","","","India","Tamil Nadu","","Staff transport vehicle"
"S1-0085","scope1","FAC-005","Kolkata Branch","2026-05-05","2026-05-05","generator","","diesel","492","liter","Bharat Petroleum","INV-10085","GEN-29","","","India","West Bengal","","Backup power usage"
"S1-0086","scope1","FAC-006","Hyderabad Plant","2026-05-06","2026-05-06","boiler","","natural_gas","344","Nm3","GAIL","INV-10086","BLR-29","","","India","Telangana","","Steam generation"
"S1-0087","scope1","FAC-007","Pune Office","2026-05-07","2026-05-07","vehicle","","petrol","78","liter","Hindustan Petroleum","INV-10087","VEH-29","","","India","Maharashtra","","Pool car refuel"
"S1-0088","scope1","FAC-008","Ahmedabad Depot","2026-05-08","2026-05-08","generator","","diesel","447","liter","Indian Oil","INV-10088","GEN-30","","","India","Gujarat","","Monthly generator refill"
"S1-0089","scope1","FAC-009","Jaipur Center","2026-05-09","2026-05-09","boiler","","lpg","212","kg","Bharat Petroleum","INV-10089","BLR-30","","","India","Rajasthan","","Boiler fuel purchase"
"S1-0090","scope1","FAC-010","Lucknow Facility","2026-05-10","2026-05-10","vehicle","","diesel","120","liter","Indian Oil","INV-10090","VEH-30","","","India","Uttar Pradesh","","Service van refuel"
"S1-0091","scope1","FAC-001","Delhi Plant","2026-05-11","2026-05-11","generator","","diesel","436","liter","Hindustan Petroleum","INV-10091","GEN-31","","","India","Delhi","","Backup power usage"
"S1-0092","scope1","FAC-002","Mumbai Office","2026-05-12","2026-05-12","boiler","","natural_gas","312","Nm3","GAIL","INV-10092","BLR-31","","","India","Maharashtra","","Heating system consumption"
"S1-0093","scope1","FAC-003","Bengaluru Hub","2026-05-13","2026-05-13","vehicle","","petrol","97","liter","Bharat Petroleum","INV-10093","VEH-31","","","India","Karnataka","","Company sedan refuel"
"S1-0094","scope1","FAC-004","Chennai Warehouse","2026-05-14","2026-05-14","generator","","diesel","508","liter","Indian Oil","INV-10094","GEN-32","","","India","Tamil Nadu","","Monthly generator refill"
"S1-0095","scope1","FAC-005","Kolkata Branch","2026-05-15","2026-05-15","boiler","","lpg","194","kg","Hindustan Petroleum","INV-10095","BLR-32","","","India","West Bengal","","Boiler fuel purchase"
"S1-0096","scope1","FAC-006","Hyderabad Plant","2026-05-16","2026-05-16","vehicle","","diesel","143","liter","Bharat Petroleum","INV-10096","VEH-32","","","India","Telangana","","Delivery truck refuel"
"S1-0097","scope1","FAC-007","Pune Office","2026-05-17","2026-05-17","generator","","diesel","404","liter","Indian Oil","INV-10097","GEN-33","","","India","Maharashtra","","Backup power usage"
"S1-0098","scope1","FAC-008","Ahmedabad Depot","2026-05-18","2026-05-18","boiler","","natural_gas","289","Nm3","GAIL","INV-10098","BLR-33","","","India","Gujarat","","Steam generation"
"S1-0099","scope1","FAC-009","Jaipur Center","2026-05-19","2026-05-19","vehicle","","petrol","80","liter","Hindustan Petroleum","INV-10099","VEH-33","","","India","Rajasthan","","Field vehicle refuel"
"S1-0100","scope1","FAC-010","Lucknow Facility","2026-05-20","2026-05-20","generator","","diesel","474","liter","Indian Oil","INV-10100","GEN-34","","","India","Uttar Pradesh","","Monthly generator refill"
"S2-0001","scope2","FAC-001","Delhi Plant","2026-01-01","2026-01-31","","electricity","","18450","kWh","Tata Power","EB-20001","","MTR-1001","India Grid","India","Delhi","standard_grid","Monthly electricity bill"
"S2-0002","scope2","FAC-002","Mumbai Office","2026-01-01","2026-01-31","","electricity","","12680","kWh","Adani Electricity","EB-20002","","MTR-1002","India Grid","India","Maharashtra","standard_grid","Office electricity consumption"
"S2-0003","scope2","FAC-003","Bengaluru Hub","2026-01-01","2026-01-31","","electricity","","14320","kWh","BESCOM","EB-20003","","MTR-1003","India Grid","India","Karnataka","standard_grid","Monthly electricity bill"
"S2-0004","scope2","FAC-004","Chennai Warehouse","2026-01-01","2026-01-31","","electricity","","16890","kWh","TANGEDCO","EB-20004","","MTR-1004","India Grid","India","Tamil Nadu","standard_grid","Warehouse electricity consumption"
"S2-0005","scope2","FAC-005","Kolkata Branch","2026-01-01","2026-01-31","","electricity","","11970","kWh","CESC","EB-20005","","MTR-1005","India Grid","India","West Bengal","standard_grid","Monthly electricity bill"
"S2-0006","scope2","FAC-006","Hyderabad Plant","2026-01-01","2026-01-31","","electricity","","19240","kWh","TSSPDCL","EB-20006","","MTR-1006","India Grid","India","Telangana","green_tariff","Plant electricity usage"
"S2-0007","scope2","FAC-007","Pune Office","2026-01-01","2026-01-31","","electricity","","10850","kWh","MSEDCL","EB-20007","","MTR-1007","India Grid","India","Maharashtra","standard_grid","Office electricity consumption"
"S2-0008","scope2","FAC-008","Ahmedabad Depot","2026-01-01","2026-01-31","","electricity","","15460","kWh","UGVCL","EB-20008","","MTR-1008","India Grid","India","Gujarat","standard_grid","Depot electricity bill"
"S2-0009","scope2","FAC-009","Jaipur Center","2026-01-01","2026-01-31","","electricity","","13290","kWh","JVVNL","EB-20009","","MTR-1009","India Grid","India","Rajasthan","standard_grid","Monthly electricity bill"
"S2-0010","scope2","FAC-010","Lucknow Facility","2026-01-01","2026-01-31","","electricity","","17630","kWh","UPPCL","EB-20010","","MTR-1010","India Grid","India","Uttar Pradesh","standard_grid","Facility electricity usage"
"S2-0011","scope2","FAC-001","Delhi Plant","2026-02-01","2026-02-28","","electricity","","17980","kWh","Tata Power","EB-20011","","MTR-1001","India Grid","India","Delhi","standard_grid","Monthly electricity bill"
"S2-0012","scope2","FAC-002","Mumbai Office","2026-02-01","2026-02-28","","electricity","","12140","kWh","Adani Electricity","EB-20012","","MTR-1002","India Grid","India","Maharashtra","standard_grid","Office electricity consumption"
"S2-0013","scope2","FAC-003","Bengaluru Hub","2026-02-01","2026-02-28","","electricity","","13860","kWh","BESCOM","EB-20013","","MTR-1003","India Grid","India","Karnataka","standard_grid","Monthly electricity bill"
"S2-0014","scope2","FAC-004","Chennai Warehouse","2026-02-01","2026-02-28","","electricity","","16250","kWh","TANGEDCO","EB-20014","","MTR-1004","India Grid","India","Tamil Nadu","standard_grid","Warehouse electricity consumption"
"S2-0015","scope2","FAC-005","Kolkata Branch","2026-02-01","2026-02-28","","electricity","","11490","kWh","CESC","EB-20015","","MTR-1005","India Grid","India","West Bengal","standard_grid","Monthly electricity bill"
"S2-0016","scope2","FAC-006","Hyderabad Plant","2026-02-01","2026-02-28","","electricity","","18760","kWh","TSSPDCL","EB-20016","","MTR-1006","India Grid","India","Telangana","green_tariff","Plant electricity usage"
"S2-0017","scope2","FAC-007","Pune Office","2026-02-01","2026-02-28","","electricity","","10320","kWh","MSEDCL","EB-20017","","MTR-1007","India Grid","India","Maharashtra","standard_grid","Office electricity consumption"
"S2-0018","scope2","FAC-008","Ahmedabad Depot","2026-02-01","2026-02-28","","electricity","","14920","kWh","UGVCL","EB-20018","","MTR-1008","India Grid","India","Gujarat","standard_grid","Depot electricity bill"
"S2-0019","scope2","FAC-009","Jaipur Center","2026-02-01","2026-02-28","","electricity","","12840","kWh","JVVNL","EB-20019","","MTR-1009","India Grid","India","Rajasthan","standard_grid","Monthly electricity bill"
"S2-0020","scope2","FAC-010","Lucknow Facility","2026-02-01","2026-02-28","","electricity","","17110","kWh","UPPCL","EB-20020","","MTR-1010","India Grid","India","Uttar Pradesh","standard_grid","Facility electricity usage"
"S2-0021","scope2","FAC-001","Delhi Plant","2026-03-01","2026-03-31","","electricity","","18620","kWh","Tata Power","EB-20021","","MTR-1001","India Grid","India","Delhi","standard_grid","Monthly electricity bill"
"S2-0022","scope2","FAC-002","Mumbai Office","2026-03-01","2026-03-31","","electricity","","12910","kWh","Adani Electricity","EB-20022","","MTR-1002","India Grid","India","Maharashtra","standard_grid","Office electricity consumption"
"S2-0023","scope2","FAC-003","Bengaluru Hub","2026-03-01","2026-03-31","","electricity","","14590","kWh","BESCOM","EB-20023","","MTR-1003","India Grid","India","Karnataka","standard_grid","Monthly electricity bill"
"S2-0024","scope2","FAC-004","Chennai Warehouse","2026-03-01","2026-03-31","","electricity","","17080","kWh","TANGEDCO","EB-20024","","MTR-1004","India Grid","India","Tamil Nadu","standard_grid","Warehouse electricity consumption"
"S2-0025","scope2","FAC-005","Kolkata Branch","2026-03-01","2026-03-31","","electricity","","12130","kWh","CESC","EB-20025","","MTR-1005","India Grid","India","West Bengal","standard_grid","Monthly electricity bill"
"S2-0026","scope2","FAC-006","Hyderabad Plant","2026-03-01","2026-03-31","","electricity","","19450","kWh","TSSPDCL","EB-20026","","MTR-1006","India Grid","India","Telangana","green_tariff","Plant electricity usage"
"S2-0027","scope2","FAC-007","Pune Office","2026-03-01","2026-03-31","","electricity","","11040","kWh","MSEDCL","EB-20027","","MTR-1007","India Grid","India","Maharashtra","standard_grid","Office electricity consumption"
"S2-0028","scope2","FAC-008","Ahmedabad Depot","2026-03-01","2026-03-31","","electricity","","15610","kWh","UGVCL","EB-20028","","MTR-1008","India Grid","India","Gujarat","standard_grid","Depot electricity bill"
"S2-0029","scope2","FAC-009","Jaipur Center","2026-03-01","2026-03-31","","electricity","","13470","kWh","JVVNL","EB-20029","","MTR-1009","India Grid","India","Rajasthan","standard_grid","Monthly electricity bill"
"S2-0030","scope2","FAC-010","Lucknow Facility","2026-03-01","2026-03-31","","electricity","","17790","kWh","UPPCL","EB-20030","","MTR-1010","India Grid","India","Uttar Pradesh","standard_grid","Facility electricity usage"
"S2-0031","scope2","FAC-001","Delhi Plant","2026-04-01","2026-04-30","","electricity","","19110","kWh","Tata Power","EB-20031","","MTR-1001","India Grid","India","Delhi","standard_grid","Monthly electricity bill"
"S2-0032","scope2","FAC-002","Mumbai Office","2026-04-01","2026-04-30","","electricity","","13340","kWh","Adani Electricity","EB-20032","","MTR-1002","India Grid","India","Maharashtra","standard_grid","Office electricity consumption"
"S2-0033","scope2","FAC-003","Bengaluru Hub","2026-04-01","2026-04-30","","electricity","","14980","kWh","BESCOM","EB-20033","","MTR-1003","India Grid","India","Karnataka","standard_grid","Monthly electricity bill"
"S2-0034","scope2","FAC-004","Chennai Warehouse","2026-04-01","2026-04-30","","electricity","","17420","kWh","TANGEDCO","EB-20034","","MTR-1004","India Grid","India","Tamil Nadu","standard_grid","Warehouse electricity consumption"
"S2-0035","scope2","FAC-005","Kolkata Branch","2026-04-01","2026-04-30","","electricity","","12460","kWh","CESC","EB-20035","","MTR-1005","India Grid","India","West Bengal","standard_grid","Monthly electricity bill"
"S2-0036","scope2","FAC-006","Hyderabad Plant","2026-04-01","2026-04-30","","electricity","","19830","kWh","TSSPDCL","EB-20036","","MTR-1006","India Grid","India","Telangana","green_tariff","Plant electricity usage"
"S2-0037","scope2","FAC-007","Pune Office","2026-04-01","2026-04-30","","electricity","","11390","kWh","MSEDCL","EB-20037","","MTR-1007","India Grid","India","Maharashtra","standard_grid","Office electricity consumption"
"S2-0038","scope2","FAC-008","Ahmedabad Depot","2026-04-01","2026-04-30","","electricity","","15920","kWh","UGVCL","EB-20038","","MTR-1008","India Grid","India","Gujarat","standard_grid","Depot electricity bill"
"S2-0039","scope2","FAC-009","Jaipur Center","2026-04-01","2026-04-30","","electricity","","13880","kWh","JVVNL","EB-20039","","MTR-1009","India Grid","India","Rajasthan","standard_grid","Monthly electricity bill"
"S2-0040","scope2","FAC-010","Lucknow Facility","2026-04-01","2026-04-30","","electricity","","18140","kWh","UPPCL","EB-20040","","MTR-1010","India Grid","India","Uttar Pradesh","standard_grid","Facility electricity usage"
"S2-0041","scope2","FAC-001","Delhi Plant","2026-05-01","2026-05-31","","electricity","","19620","kWh","Tata Power","EB-20041","","MTR-1001","India Grid","India","Delhi","standard_grid","Monthly electricity bill"
"S2-0042","scope2","FAC-002","Mumbai Office","2026-05-01","2026-05-31","","electricity","","13780","kWh","Adani Electricity","EB-20042","","MTR-1002","India Grid","India","Maharashtra","standard_grid","Office electricity consumption"
"S2-0043","scope2","FAC-003","Bengaluru Hub","2026-05-01","2026-05-31","","electricity","","15360","kWh","BESCOM","EB-20043","","MTR-1003","India Grid","India","Karnataka","standard_grid","Monthly electricity bill"
"S2-0044","scope2","FAC-004","Chennai Warehouse","2026-05-01","2026-05-31","","electricity","","17870","kWh","TANGEDCO","EB-20044","","MTR-1004","India Grid","India","Tamil Nadu","standard_grid","Warehouse electricity consumption"
"S2-0045","scope2","FAC-005","Kolkata Branch","2026-05-01","2026-05-31","","electricity","","12790","kWh","CESC","EB-20045","","MTR-1005","India Grid","India","West Bengal","standard_grid","Monthly electricity bill"
"S2-0046","scope2","FAC-006","Hyderabad Plant","2026-05-01","2026-05-31","","electricity","","20310","kWh","TSSPDCL","EB-20046","","MTR-1006","India Grid","India","Telangana","green_tariff","Plant electricity usage"
"S2-0047","scope2","FAC-007","Pune Office","2026-05-01","2026-05-31","","electricity","","11720","kWh","MSEDCL","EB-20047","","MTR-1007","India Grid","India","Maharashtra","standard_grid","Office electricity consumption"
"S2-0048","scope2","FAC-008","Ahmedabad Depot","2026-05-01","2026-05-31","","electricity","","16280","kWh","UGVCL","EB-20048","","MTR-1008","India Grid","India","Gujarat","standard_grid","Depot electricity bill"
"S2-0049","scope2","FAC-009","Jaipur Center","2026-05-01","2026-05-31","","electricity","","14230","kWh","JVVNL","EB-20049","","MTR-1009","India Grid","India","Rajasthan","standard_grid","Monthly electricity bill"
"S2-0050","scope2","FAC-010","Lucknow Facility","2026-05-01","2026-05-31","","electricity","","18590","kWh","UPPCL","EB-20050","","MTR-1010","India Grid","India","Uttar Pradesh","standard_grid","Facility electricity usage"
"S2-0051","scope2","FAC-001","Delhi Plant","2026-06-01","2026-06-30","","electricity","","20140","kWh","Tata Power","EB-20051","","MTR-1001","India Grid","India","Delhi","standard_grid","Monthly electricity bill"
"S2-0052","scope2","FAC-002","Mumbai Office","2026-06-01","2026-06-30","","electricity","","14190","kWh","Adani Electricity","EB-20052","","MTR-1002","India Grid","India","Maharashtra","standard_grid","Office electricity consumption"
"S2-0053","scope2","FAC-003","Bengaluru Hub","2026-06-01","2026-06-30","","electricity","","15790","kWh","BESCOM","EB-20053","","MTR-1003","India Grid","India","Karnataka","standard_grid","Monthly electricity bill"
"S2-0054","scope2","FAC-004","Chennai Warehouse","2026-06-01","2026-06-30","","electricity","","18220","kWh","TANGEDCO","EB-20054","","MTR-1004","India Grid","India","Tamil Nadu","standard_grid","Warehouse electricity consumption"
"S2-0055","scope2","FAC-005","Kolkata Branch","2026-06-01","2026-06-30","","electricity","","13110","kWh","CESC","EB-20055","","MTR-1005","India Grid","India","West Bengal","standard_grid","Monthly electricity bill"
"S2-0056","scope2","FAC-006","Hyderabad Plant","2026-06-01","2026-06-30","","electricity","","20760","kWh","TSSPDCL","EB-20056","","MTR-1006","India Grid","India","Telangana","green_tariff","Plant electricity usage"
"S2-0057","scope2","FAC-007","Pune Office","2026-06-01","2026-06-30","","electricity","","12090","kWh","MSEDCL","EB-20057","","MTR-1007","India Grid","India","Maharashtra","standard_grid","Office electricity consumption"
"S2-0058","scope2","FAC-008","Ahmedabad Depot","2026-06-01","2026-06-30","","electricity","","16610","kWh","UGVCL","EB-20058","","MTR-1008","India Grid","India","Gujarat","standard_grid","Depot electricity bill"
"S2-0059","scope2","FAC-009","Jaipur Center","2026-06-01","2026-06-30","","electricity","","14590","kWh","JVVNL","EB-20059","","MTR-1009","India Grid","India","Rajasthan","standard_grid","Monthly electricity bill"
"S2-0060","scope2","FAC-010","Lucknow Facility","2026-06-01","2026-06-30","","electricity","","19020","kWh","UPPCL","EB-20060","","MTR-1010","India Grid","India","Uttar Pradesh","standard_grid","Facility electricity usage"
"S2-0061","scope2","FAC-001","Delhi Plant","2026-07-01","2026-07-31","","electricity","","20630","kWh","Tata Power","EB-20061","","MTR-1001","India Grid","India","Delhi","standard_grid","Monthly electricity bill"
"S2-0062","scope2","FAC-002","Mumbai Office","2026-07-01","2026-07-31","","electricity","","14540","kWh","Adani Electricity","EB-20062","","MTR-1002","India Grid","India","Maharashtra","standard_grid","Office electricity consumption"
"S2-0063","scope2","FAC-003","Bengaluru Hub","2026-07-01","2026-07-31","","electricity","","16120","kWh","BESCOM","EB-20063","","MTR-1003","India Grid","India","Karnataka","standard_grid","Monthly electricity bill"
"S2-0064","scope2","FAC-004","Chennai Warehouse","2026-07-01","2026-07-31","","electricity","","18680","kWh","TANGEDCO","EB-20064","","MTR-1004","India Grid","India","Tamil Nadu","standard_grid","Warehouse electricity consumption"
"S2-0065","scope2","FAC-005","Kolkata Branch","2026-07-01","2026-07-31","","electricity","","13440","kWh","CESC","EB-20065","","MTR-1005","India Grid","India","West Bengal","standard_grid","Monthly electricity bill"
"S2-0066","scope2","FAC-006","Hyderabad Plant","2026-07-01","2026-07-31","","electricity","","21230","kWh","TSSPDCL","EB-20066","","MTR-1006","India Grid","India","Telangana","green_tariff","Plant electricity usage"
"S2-0067","scope2","FAC-007","Pune Office","2026-07-01","2026-07-31","","electricity","","12430","kWh","MSEDCL","EB-20067","","MTR-1007","India Grid","India","Maharashtra","standard_grid","Office electricity consumption"
"S2-0068","scope2","FAC-008","Ahmedabad Depot","2026-07-01","2026-07-31","","electricity","","16970","kWh","UGVCL","EB-20068","","MTR-1008","India Grid","India","Gujarat","standard_grid","Depot electricity bill"
"S2-0069","scope2","FAC-009","Jaipur Center","2026-07-01","2026-07-31","","electricity","","14970","kWh","JVVNL","EB-20069","","MTR-1009","India Grid","India","Rajasthan","standard_grid","Monthly electricity bill"
"S2-0070","scope2","FAC-010","Lucknow Facility","2026-07-01","2026-07-31","","electricity","","19460","kWh","UPPCL","EB-20070","","MTR-1010","India Grid","India","Uttar Pradesh","standard_grid","Facility electricity usage"
"S2-0071","scope2","FAC-001","Delhi Plant","2026-08-01","2026-08-31","","electricity","","20480","kWh","Tata Power","EB-20071","","MTR-1001","India Grid","India","Delhi","standard_grid","Monthly electricity bill"
"S2-0072","scope2","FAC-002","Mumbai Office","2026-08-01","2026-08-31","","electricity","","14390","kWh","Adani Electricity","EB-20072","","MTR-1002","India Grid","India","Maharashtra","standard_grid","Office electricity consumption"
"S2-0073","scope2","FAC-003","Bengaluru Hub","2026-08-01","2026-08-31","","electricity","","15980","kWh","BESCOM","EB-20073","","MTR-1003","India Grid","India","Karnataka","standard_grid","Monthly electricity bill"
"S2-0074","scope2","FAC-004","Chennai Warehouse","2026-08-01","2026-08-31","","electricity","","18490","kWh","TANGEDCO","EB-20074","","MTR-1004","India Grid","India","Tamil Nadu","standard_grid","Warehouse electricity consumption"
"S2-0075","scope2","FAC-005","Kolkata Branch","2026-08-01","2026-08-31","","electricity","","13320","kWh","CESC","EB-20075","","MTR-1005","India Grid","India","West Bengal","standard_grid","Monthly electricity bill"
"S2-0076","scope2","FAC-006","Hyderabad Plant","2026-08-01","2026-08-31","","electricity","","21080","kWh","TSSPDCL","EB-20076","","MTR-1006","India Grid","India","Telangana","green_tariff","Plant electricity usage"
"S2-0077","scope2","FAC-007","Pune Office","2026-08-01","2026-08-31","","electricity","","12310","kWh","MSEDCL","EB-20077","","MTR-1007","India Grid","India","Maharashtra","standard_grid","Office electricity consumption"
"S2-0078","scope2","FAC-008","Ahmedabad Depot","2026-08-01","2026-08-31","","electricity","","16840","kWh","UGVCL","EB-20078","","MTR-1008","India Grid","India","Gujarat","standard_grid","Depot electricity bill"
"S2-0079","scope2","FAC-009","Jaipur Center","2026-08-01","2026-08-31","","electricity","","14810","kWh","JVVNL","EB-20079","","MTR-1009","India Grid","India","Rajasthan","standard_grid","Monthly electricity bill"
"S2-0080","scope2","FAC-010","Lucknow Facility","2026-08-01","2026-08-31","","electricity","","19290","kWh","UPPCL","EB-20080","","MTR-1010","India Grid","India","Uttar Pradesh","standard_grid","Facility electricity usage"
"S2-0081","scope2","FAC-001","Delhi Plant","2026-09-01","2026-09-30","","electricity","","19890","kWh","Tata Power","EB-20081","","MTR-1001","India Grid","India","Delhi","standard_grid","Monthly electricity bill"
"S2-0082","scope2","FAC-002","Mumbai Office","2026-09-01","2026-09-30","","electricity","","13980","kWh","Adani Electricity","EB-20082","","MTR-1002","India Grid","India","Maharashtra","standard_grid","Office electricity consumption"
"S2-0083","scope2","FAC-003","Bengaluru Hub","2026-09-01","2026-09-30","","electricity","","15420","kWh","BESCOM","EB-20083","","MTR-1003","India Grid","India","Karnataka","standard_grid","Monthly electricity bill"
"S2-0084","scope2","FAC-004","Chennai Warehouse","2026-09-01","2026-09-30","","electricity","","17960","kWh","TANGEDCO","EB-20084","","MTR-1004","India Grid","India","Tamil Nadu","standard_grid","Warehouse electricity consumption"
"S2-0085","scope2","FAC-005","Kolkata Branch","2026-09-01","2026-09-30","","electricity","","12960","kWh","CESC","EB-20085","","MTR-1005","India Grid","India","West Bengal","standard_grid","Monthly electricity bill"
"S2-0086","scope2","FAC-006","Hyderabad Plant","2026-09-01","2026-09-30","","electricity","","20520","kWh","TSSPDCL","EB-20086","","MTR-1006","India Grid","India","Telangana","green_tariff","Plant electricity usage"
"S2-0087","scope2","FAC-007","Pune Office","2026-09-01","2026-09-30","","electricity","","11980","kWh","MSEDCL","EB-20087","","MTR-1007","India Grid","India","Maharashtra","standard_grid","Office electricity consumption"
"S2-0088","scope2","FAC-008","Ahmedabad Depot","2026-09-01","2026-09-30","","electricity","","16330","kWh","UGVCL","EB-20088","","MTR-1008","India Grid","India","Gujarat","standard_grid","Depot electricity bill"
"S2-0089","scope2","FAC-009","Jaipur Center","2026-09-01","2026-09-30","","electricity","","14410","kWh","JVVNL","EB-20089","","MTR-1009","India Grid","India","Rajasthan","standard_grid","Monthly electricity bill"
"S2-0090","scope2","FAC-010","Lucknow Facility","2026-09-01","2026-09-30","","electricity","","18730","kWh","UPPCL","EB-20090","","MTR-1010","India Grid","India","Uttar Pradesh","standard_grid","Facility electricity usage"
"S2-0091","scope2","FAC-001","Delhi Plant","2026-10-01","2026-10-31","","electricity","","19070","kWh","Tata Power","EB-20091","","MTR-1001","India Grid","India","Delhi","standard_grid","Monthly electricity bill"
"S2-0092","scope2","FAC-002","Mumbai Office","2026-10-01","2026-10-31","","electricity","","13490","kWh","Adani Electricity","EB-20092","","MTR-1002","India Grid","India","Maharashtra","standard_grid","Office electricity consumption"
"S2-0093","scope2","FAC-003","Bengaluru Hub","2026-10-01","2026-10-31","","electricity","","14860","kWh","BESCOM","EB-20093","","MTR-1003","India Grid","India","Karnataka","standard_grid","Monthly electricity bill"
"S2-0094","scope2","FAC-004","Chennai Warehouse","2026-10-01","2026-10-31","","electricity","","17310","kWh","TANGEDCO","EB-20094","","MTR-1004","India Grid","India","Tamil Nadu","standard_grid","Warehouse electricity consumption"
"S2-0095","scope2","FAC-005","Kolkata Branch","2026-10-01","2026-10-31","","electricity","","12580","kWh","CESC","EB-20095","","MTR-1005","India Grid","India","West Bengal","standard_grid","Monthly electricity bill"
"S2-0096","scope2","FAC-006","Hyderabad Plant","2026-10-01","2026-10-31","","electricity","","19870","kWh","TSSPDCL","EB-20096","","MTR-1006","India Grid","India","Telangana","green_tariff","Plant electricity usage"
"S2-0097","scope2","FAC-007","Pune Office","2026-10-01","2026-10-31","","electricity","","11540","kWh","MSEDCL","EB-20097","","MTR-1007","India Grid","India","Maharashtra","standard_grid","Office electricity consumption"
"S2-0098","scope2","FAC-008","Ahmedabad Depot","2026-10-01","2026-10-31","","electricity","","15780","kWh","UGVCL","EB-20098","","MTR-1008","India Grid","India","Gujarat","standard_grid","Depot electricity bill"
"S2-0099","scope2","FAC-009","Jaipur Center","2026-10-01","2026-10-31","","electricity","","13920","kWh","JVVNL","EB-20099","","MTR-1009","India Grid","India","Rajasthan","standard_grid","Monthly electricity bill"
"S2-0100","scope2","FAC-010","Lucknow Facility","2026-10-01","2026-10-31","","electricity","","18180","kWh","UPPCL","EB-20100","","MTR-1010","India Grid","India","Uttar Pradesh","standard_grid","Facility electricity usage"
